Workbook

Sheet Modèle sans action
B1: Fidèle | C1: Passif | D1: À risque | E1: Perdu | F1: Total
A2: Fidèle | B2: 0.65 | C2: 0.2 | D2: 0.1 | E2: 0.05 | F2: =SUM(B2:E2) -> 1
A3: Passif | B3: 0.25 | C3: 0.45 | D3: 0.2 | E3: 0.1 | F3: =SUM(B3:E3) -> 1
A4: À risque | B4: 0.1 | C4: 0.2 | D4: 0.4 | E4: 0.3 | F4: =SUM(B4:E4) -> 1
A5: Perdu | B5: 0 | C5: 0 | D5: 0 | E5: 1 | F5: =SUM(B5:E5) -> 1
A8: Mois | B8: Fidèle | C8: Passif | D8: À risque | E8: Perdu | F8: Total
A9: 0 | B9: 500 | C9: 300 | D9: 150 | E9: 50 | F9: =SUM(A9:E9) -> 1000
A10: 1 | B10: =B9*$B$2 + C9*$B$3 + D9*$B$4 + E9*$B$5 -> 415 | C10: =B9*$C$2 + C9*$C$3 + D9*$C$4 + E9*$C$5 -> 265 | D10: =B9*$D$2 + C9*$D$3 + D9*$D$4 + E9*$D$5 -> 170 | E10: =B9*$E$2 + C9*$E$3 + D9*$E$4 + E9*$E$5 -> 150 | F10: =SUM(B10:E10) -> 1000
A11: 2 | B11: =B10*$B$2 + C10*$B$3 + D10*$B$4 + E10*$B$5 -> 353 | C11: =B10*$C$2 + C10*$C$3 + D10*$C$4 + E10*$C$5 -> 236.25 | D11: =B10*$D$2 + C10*$D$3 + D10*$D$4 + E10*$D$5 -> 162.5 | E11: =B10*$E$2 + C10*$E$3 + D10*$E$4 + E10*$E$5 -> 248.25 | F11: =SUM(B11:E11) -> 1000
A12: 3 | B12: =B11*$B$2 + C11*$B$3 + D11*$B$4 + E11*$B$5 -> 304.7625 | C12: =B11*$C$2 + C11*$C$3 + D11*$C$4 + E11*$C$5 -> 209.4125 | D12: =B11*$D$2 + C11*$D$3 + D11*$D$4 + E11*$D$5 -> 147.55 | E12: =B11*$E$2 + C11*$E$3 + D11*$E$4 + E11*$E$5 -> 338.275 | F12: =SUM(B12:E12) -> 1000
A13: 4 | B13: =B12*$B$2 + C12*$B$3 + D12*$B$4 + E12*$B$5 -> 265.20375 | C13: =B12*$C$2 + C12*$C$3 + D12*$C$4 + E12*$C$5 -> 184.69813 | D13: =B12*$D$2 + C12*$D$3 + D12*$D$4 + E12*$D$5 -> 131.37875 | E13: =B12*$E$2 + C12*$E$3 + D12*$E$4 + E12*$E$5 -> 418.71938 | F13: =SUM(B13:E13) -> 1000
A14: 5 | B14: =B13*$B$2 + C13*$B$3 + D13*$B$4 + E13*$B$5 -> 231.69484 | C14: =B13*$C$2 + C13*$C$3 + D13*$C$4 + E13*$C$5 -> 162.43066 | D14: =B13*$D$2 + C13*$D$3 + D13*$D$4 + E13*$D$5 -> 116.0115 | E14: =B13*$E$2 + C13*$E$3 + D13*$E$4 + E13*$E$5 -> 489.863 | F14: =SUM(B14:E14) -> 1000
A15: 6 | B15: =B14*$B$2 + C14*$B$3 + D14*$B$4 + E14*$B$5 -> 202.81046 | C15: =B14*$C$2 + C14*$C$3 + D14*$C$4 + E14*$C$5 -> 142.63506 | D15: =B14*$D$2 + C14*$D$3 + D14*$D$4 + E14*$D$5 -> 102.06022 | E15: =B14*$E$2 + C14*$E$3 + D14*$E$4 + E14*$E$5 -> 552.49426 | F15: =SUM(B15:E15) -> 1000
A16: 7 | B16: =B15*$B$2 + C15*$B$3 + D15*$B$4 + E15*$B$5 -> 177.69159 | C16: =B15*$C$2 + C15*$C$3 + D15*$C$4 + E15*$C$5 -> 125.15991 | D16: =B15*$D$2 + C15*$D$3 + D15*$D$4 + E15*$D$5 -> 89.632145 | E16: =B15*$E$2 + C15*$E$3 + D15*$E$4 + E15*$E$5 -> 607.51635 | F16: =SUM(B16:E16) -> 1000
A17: 8 | B17: =B16*$B$2 + C16*$B$3 + D16*$B$4 + E16*$B$5 -> 155.75273 | C17: =B16*$C$2 + C16*$C$3 + D16*$C$4 + E16*$C$5 -> 109.78671 | D17: =B16*$D$2 + C16*$D$3 + D16*$D$4 + E16*$D$5 -> 78.654 | E17: =B16*$E$2 + C16*$E$3 + D16*$E$4 + E16*$E$5 -> 655.80657 | F17: =SUM(B17:E17) -> 1000
A18: 9 | B18: =B17*$B$2 + C17*$B$3 + D17*$B$4 + E17*$B$5 -> 136.55135 | C18: =B17*$C$2 + C17*$C$3 + D17*$C$4 + E17*$C$5 -> 96.285364 | D18: =B17*$D$2 + C17*$D$3 + D17*$D$4 + E17*$D$5 -> 68.994214 | E18: =B17*$E$2 + C17*$E$3 + D17*$E$4 + E17*$E$5 -> 698.16907 | F18: =SUM(B18:E18) -> 1000
A19: 10 | B19: =B18*$B$2 + C18*$B$3 + D18*$B$4 + E18*$B$5 -> 119.72914 | C19: =B18*$C$2 + C18*$C$3 + D18*$C$4 + E18*$C$5 -> 84.437526 | D19: =B18*$D$2 + C18*$D$3 + D18*$D$4 + E18*$D$5 -> 60.509893 | E19: =B18*$E$2 + C18*$E$3 + D18*$E$4 + E18*$E$5 -> 735.32344 | F19: =SUM(B19:E19) -> 1000
A20: 11 | B20: =B19*$B$2 + C19*$B$3 + D19*$B$4 + E19*$B$5 -> 104.98431 | C20: =B19*$C$2 + C19*$C$3 + D19*$C$4 + E19*$C$5 -> 74.044693 | D20: =B19*$D$2 + C19*$D$3 + D19*$D$4 + E19*$D$5 -> 53.064376 | E20: =B19*$E$2 + C19*$E$3 + D19*$E$4 + E19*$E$5 -> 767.90662 | F20: =SUM(B20:E20) -> 1000
A21: 12 | B21: =B20*$B$2 + C20*$B$3 + D20*$B$4 + E20*$B$5 -> 92.057413 | C21: =B20*$C$2 + C20*$C$3 + D20*$C$4 + E20*$C$5 -> 64.929849 | D21: =B20*$D$2 + C20*$D$3 + D20*$D$4 + E20*$D$5 -> 46.53312 | E21: =B20*$E$2 + C20*$E$3 + D20*$E$4 + E20*$E$5 -> 796.47962 | F21: =SUM(B21:E21) -> 1000
... A39: 30 | B39: =B38*$B$2 + C38*$B$3 + D38*$B$4 + E38*$B$5 -> 8.6502585 | C39: =B38*$C$2 + C38*$C$3 + D38*$C$4 + E38*$C$5 -> 6.1013967 | D39: =B38*$D$2 + C38*$D$3 + D38*$D$4 + E38*$D$5 -> 4.3727521 | E39: =B38*$E$2 + C38*$E$3 + D38*$E$4 + E38*$E$5 -> 980.87559 | F39: =SUM(B39:E39) -> 1000

Sheet Modèle avec action
B1: Fidèle | C1: Passif | D1: À risque | E1: Perdu | F1: Total
A2: Fidèle | B2: 0.8 | C2: 0.12 | D2: 0.05 | E2: 0.03 | F2: =SUM(B2:E2) -> 1
A3: Passif | B3: 0.4 | C3: 0.35 | D3: 0.15 | E3: 0.1 | F3: =SUM(B3:E3) -> 1
A4: À risque | B4: 0.2 | C4: 0.25 | D4: 0.35 | E4: 0.2 | F4: =SUM(B4:E4) -> 1
A5: Perdu | B5: 0 | C5: 0 | D5: 0 | E5: 1 | F5: =SUM(B5:E5) -> 1
A8: Mois | B8: Fidèle | C8: Passif | D8: À risque | E8: Perdu | F8: Total
A9: 0 | B9: 500 | C9: 300 | D9: 150 | E9: 50 | F9: =SUM(A9:E9) -> 1000
A10: 1 | B10: =B9*$B$2 + C9*$B$3 + D9*$B$4 + E9*$B$5 -> 550 | C10: =B9*$C$2 + C9*$C$3 + D9*$C$4 + E9*$C$5 -> 202.5 | D10: =B9*$D$2 + C9*$D$3 + D9*$D$4 + E9*$D$5 -> 122.5 | E10: =B9*$E$2 + C9*$E$3 + D9*$E$4 + E9*$E$5 -> 125 | F10: =SUM(B10:E10) -> 1000
A11: 2 | B11: =B10*$B$2 + C10*$B$3 + D10*$B$4 + E10*$B$5 -> 545.5 | C11: =B10*$C$2 + C10*$C$3 + D10*$C$4 + E10*$C$5 -> 167.5 | D11: =B10*$D$2 + C10*$D$3 + D10*$D$4 + E10*$D$5 -> 100.75 | E11: =B10*$E$2 + C10*$E$3 + D10*$E$4 + E10*$E$5 -> 186.25 | F11: =SUM(B11:E11) -> 1000
A12: 3 | B12: =B11*$B$2 + C11*$B$3 + D11*$B$4 + E11*$B$5 -> 523.55 | C12: =B11*$C$2 + C11*$C$3 + D11*$C$4 + E11*$C$5 -> 149.2725 | D12: =B11*$D$2 + C11*$D$3 + D11*$D$4 + E11*$D$5 -> 87.6625 | E12: =B11*$E$2 + C11*$E$3 + D11*$E$4 + E11*$E$5 -> 239.515 | F12: =SUM(B12:E12) -> 1000
A13: 4 | B13: =B12*$B$2 + C12*$B$3 + D12*$B$4 + E12*$B$5 -> 496.0815 | C13: =B12*$C$2 + C12*$C$3 + D12*$C$4 + E12*$C$5 -> 136.987 | D13: =B12*$D$2 + C12*$D$3 + D12*$D$4 + E12*$D$5 -> 79.25025 | E13: =B12*$E$2 + C12*$E$3 + D12*$E$4 + E12*$E$5 -> 287.68125 | F13: =SUM(B13:E13) -> 1000
A14: 5 | B14: =B13*$B$2 + C13*$B$3 + D13*$B$4 + E13*$B$5 -> 467.51005 | C14: =B13*$C$2 + C13*$C$3 + D13*$C$4 + E13*$C$5 -> 127.28779 | D14: =B13*$D$2 + C13*$D$3 + D13*$D$4 + E13*$D$5 -> 73.089713 | E14: =B13*$E$2 + C13*$E$3 + D13*$E$4 + E13*$E$5 -> 332.11244 | F14: =SUM(B14:E14) -> 1000
A15: 6 | B15: =B14*$B$2 + C14*$B$3 + D14*$B$4 + E14*$B$5 -> 439.5411 | C15: =B14*$C$2 + C14*$C$3 + D14*$C$4 + E14*$C$5 -> 118.92436 | D15: =B14*$D$2 + C14*$D$3 + D14*$D$4 + E14*$D$5 -> 68.050071 | E15: =B14*$E$2 + C14*$E$3 + D14*$E$4 + E14*$E$5 -> 373.48447 | F15: =SUM(B15:E15) -> 1000
A16: 7 | B16: =B15*$B$2 + C15*$B$3 + D15*$B$4 + E15*$B$5 -> 412.81264 | C16: =B15*$C$2 + C15*$C$3 + D15*$C$4 + E15*$C$5 -> 111.38098 | D16: =B15*$D$2 + C15*$D$3 + D15*$D$4 + E15*$D$5 -> 63.633234 | E16: =B15*$E$2 + C15*$E$3 + D15*$E$4 + E15*$E$5 -> 412.17315 | F16: =SUM(B16:E16) -> 1000
A17: 8 | B17: =B16*$B$2 + C16*$B$3 + D16*$B$4 + E16*$B$5 -> 387.52915 | C17: =B16*$C$2 + C16*$C$3 + D16*$C$4 + E16*$C$5 -> 104.42917 | D17: =B16*$D$2 + C16*$D$3 + D16*$D$4 + E16*$D$5 -> 59.61941 | E17: =B16*$E$2 + C16*$E$3 + D16*$E$4 + E16*$E$5 -> 448.42228 | F17: =SUM(B17:E17) -> 1000
A18: 9 | B18: =B17*$B$2 + C17*$B$3 + D17*$B$4 + E17*$B$5 -> 363.71887 | C18: =B17*$C$2 + C17*$C$3 + D17*$C$4 + E17*$C$5 -> 97.958559 | D18: =B17*$D$2 + C17*$D$3 + D17*$D$4 + E17*$D$5 -> 55.907626 | E18: =B17*$E$2 + C17*$E$3 + D17*$E$4 + E17*$E$5 -> 482.41495 | F18: =SUM(B18:E18) -> 1000
A19: 10 | B19: =B18*$B$2 + C18*$B$3 + D18*$B$4 + E18*$B$5 -> 341.34004 | C19: =B18*$C$2 + C18*$C$3 + D18*$C$4 + E18*$C$5 -> 91.908666 | D19: =B18*$D$2 + C18*$D$3 + D18*$D$4 + E18*$D$5 -> 52.447396 | E19: =B18*$E$2 + C18*$E$3 + D18*$E$4 + E18*$E$5 -> 514.3039 | F19: =SUM(B19:E19) -> 1000
A20: 11 | B20: =B19*$B$2 + C19*$B$3 + D19*$B$4 + E19*$B$5 -> 320.32498 | C20: =B19*$C$2 + C19*$C$3 + D19*$C$4 + E19*$C$5 -> 86.240687 | D20: =B19*$D$2 + C19*$D$3 + D19*$D$4 + E19*$D$5 -> 49.209891 | E20: =B19*$E$2 + C19*$E$3 + D19*$E$4 + E19*$E$5 -> 544.22444 | F20: =SUM(B20:E20) -> 1000
A21: 12 | B21: =B20*$B$2 + C20*$B$3 + D20*$B$4 + E20*$B$5 -> 300.59824 | C21: =B20*$C$2 + C20*$C$3 + D20*$C$4 + E20*$C$5 -> 80.925711 | D21: =B20*$D$2 + C20*$D$3 + D20*$D$4 + E20*$D$5 -> 46.175814 | E21: =B20*$E$2 + C20*$E$3 + D20*$E$4 + E20*$E$5 -> 572.30024 | F21: =SUM(B21:E21) -> 1000
... A39: 30 | B39: =B38*$B$2 + C38*$B$3 + D38*$B$4 + E38*$B$5 -> 95.718922 | C39: =B38*$C$2 + C38*$C$3 + D38*$C$4 + E38*$C$5 -> 25.768003 | D39: =B38*$D$2 + C38*$D$3 + D38*$D$4 + E38*$D$5 -> 14.702766 | E39: =B38*$E$2 + C38*$E$3 + D38*$E$4 + E38*$E$5 -> 863.81031 | F39: =SUM(B39:E39) -> 1000

Sheet Feuil3
A1: Mois | B1: Fidèle (Sans action) | C1: Fidèles (Avec actions) | D1: Perdus (Sans action) | E1: Perdus (Avec actions)
A2: 0 | B2: ='Modèle sans action'!B9 -> 500 | C2: ='Modèle avec action'!B9 -> 500 | D2: ='Modèle sans action'!E9 -> 50 | E2: ='Modèle avec action'!E9 -> 50
A3: 1 | B3: ='Modèle sans action'!B10 -> 415 | C3: ='Modèle avec action'!B10 -> 550 | D3: ='Modèle sans action'!E10 -> 150 | E3: ='Modèle avec action'!E10 -> 125
A4: 2 | B4: ='Modèle sans action'!B11 -> 353 | C4: ='Modèle avec action'!B11 -> 545.5 | D4: ='Modèle sans action'!E11 -> 248.25 | E4: ='Modèle avec action'!E11 -> 186.25
A5: 3 | B5: ='Modèle sans action'!B12 -> 304.7625 | C5: ='Modèle avec action'!B12 -> 523.55 | D5: ='Modèle sans action'!E12 -> 338.275 | E5: ='Modèle avec action'!E12 -> 239.515
A6: 4 | B6: ='Modèle sans action'!B13 -> 265.20375 | C6: ='Modèle avec action'!B13 -> 496.0815 | D6: ='Modèle sans action'!E13 -> 418.71938 | E6: ='Modèle avec action'!E13 -> 287.68125
A7: 5 | B7: ='Modèle sans action'!B14 -> 231.69484 | C7: ='Modèle avec action'!B14 -> 467.51005 | D7: ='Modèle sans action'!E14 -> 489.863 | E7: ='Modèle avec action'!E14 -> 332.11244
A8: 6 | B8: ='Modèle sans action'!B15 -> 202.81046 | C8: ='Modèle avec action'!B15 -> 439.5411 | D8: ='Modèle sans action'!E15 -> 552.49426 | E8: ='Modèle avec action'!E15 -> 373.48447
A9: 7 | B9: ='Modèle sans action'!B16 -> 177.69159 | C9: ='Modèle avec action'!B16 -> 412.81264 | D9: ='Modèle sans action'!E16 -> 607.51635 | E9: ='Modèle avec action'!E16 -> 412.17315
A10: 8 | B10: ='Modèle sans action'!B17 -> 155.75273 | C10: ='Modèle avec action'!B17 -> 387.52915 | D10: ='Modèle sans action'!E17 -> 655.80657 | E10: ='Modèle avec action'!E17 -> 448.42228
A11: 9 | B11: ='Modèle sans action'!B18 -> 136.55135 | C11: ='Modèle avec action'!B18 -> 363.71887 | D11: ='Modèle sans action'!E18 -> 698.16907 | E11: ='Modèle avec action'!E18 -> 482.41495
A12: 10 | B12: ='Modèle sans action'!B19 -> 119.72914 | C12: ='Modèle avec action'!B19 -> 341.34004 | D12: ='Modèle sans action'!E19 -> 735.32344 | E12: ='Modèle avec action'!E19 -> 514.3039
A13: 11 | B13: ='Modèle sans action'!B20 -> 104.98431 | C13: ='Modèle avec action'!B20 -> 320.32498 | D13: ='Modèle sans action'!E20 -> 767.90662 | E13: ='Modèle avec action'!E20 -> 544.22444
... A32: 30 | B32: ='Modèle sans action'!B39 -> 8.6502585 | C32: ='Modèle avec action'!B39 -> 95.718922 | D32: ='Modèle sans action'!E39 -> 980.87559 | E32: ='Modèle avec action'!E39 -> 863.81031
